firstName,lastName,email,passportNumber
Paula,Woollends,pwoollends0@washingtonpost.com,54-864-5695
Jenni,Stappard,jstappard1@ucsd.edu,46-014-9174
Deny,Wernham,dwernham2@abc.net.au,18-975-5300
Lesley,Coules,lcoules3@mozilla.com,28-496-6759
Brock,Camillo,bcamillo4@whitehouse.gov,63-280-4639
Gwenny,Menary,gmenary5@statcounter.com,10-917-1225
Fitzgerald,Beare,fbeare6@bloglines.com,11-263-1980
Barnebas,Hainey,bhainey7@people.com.cn,71-718-5679
Venus,Creboe,vcreboe8@businessinsider.com,30-482-7382
Rheba,Shann,rshann9@csmonitor.com,22-823-5583